{"root":[{"assemblyName":"com.unity.multiplayer-hlapi.Runtime","nameSpace":"UnityEngine.Networking","className":"NetworkIdentity","methodName":"OnRuntimeInitializeOnLoad","loadTypes":0,"isUnityClass":true},{"assemblyName":"UnityEngine.Purchasing.Codeless","nameSpace":"UnityEngine.Purchasing","className":"CodelessIAPStoreListener","methodName":"InitializeCodelessPurchasingOnLoad","loadTypes":0,"isUnityClass":true},{"assemblyName":"Unity.VisualScripting.Core","nameSpace":"Unity.VisualScripting","className":"Ensure","methodName":"OnRuntimeMethodLoad","loadTypes":1,"isUnityClass":true},{"assemblyName":"Unity.VisualScripting.Core","nameSpace":"Unity.VisualScripting","className":"OptimizedReflection","methodName":"OnRuntimeMethodLoad","loadTypes":1,"isUnityClass":true},{"assemblyName":"Unity.VisualScripting.Core","nameSpace":"Unity.VisualScripting","className":"UnityThread","methodName":"RuntimeInitialize","loadTypes":1,"isUnityClass":true},{"assemblyName":"Unity.VisualScripting.Core","nameSpace":"Unity.VisualScripting","className":"Recursion","methodName":"OnRuntimeMethodLoad","loadTypes":1,"isUnityClass":true},{"assemblyName":"Unity.VisualScripting.Core","nameSpace":"Unity.VisualScripting","className":"ReferenceCollector","methodName":"Initialize","loadTypes":1,"isUnityClass":true},{"assemblyName":"Unity.VisualScripting.Core","nameSpace":"Unity.VisualScripting","className":"ApplicationVariables","methodName":"OnEnterPlayMode","loadTypes":1,"isUnityClass":true},{"assemblyName":"Unity.VisualScripting.Core","nameSpace":"Unity.VisualScripting","className":"SavedVariables","methodName":"OnEnterPlayMode","loadTypes":1,"isUnityClass":true}]}
